year,anomaly_type,count,percentage
2023,distance_over_1000,913,0.0023831757087520184
2023,duration_less_or_equal_zero,15569,0.04063927996665955
2023,duration_over_24h,212,0.00055337705394899
2023,missing_values,1309356,3.417771537030348
2023,negative_distance,0,0.0
2023,negative_total_amount,376883,0.983766057657817
2023,speed_invalid,764522,1.995608169996178
2023,speed_over_100_mph,19015,0.049634267362453036
2023,zero_distance,773457,2.0189309246048297
2023,zero_total_amount,5999,0.015659004465282976
