year,column,missing_count,missing_pct
2023,VendorID,0,0.0
2023,tpep_pickup_datetime,0,0.0
2023,tpep_dropoff_datetime,0,0.0
2023,passenger_count,1309356,3.417771537030348
2023,trip_distance,0,0.0
2023,RatecodeID,1309356,3.417771537030348
2023,store_and_fwd_flag,1309356,3.417771537030348
2023,PULocationID,0,0.0
2023,DOLocationID,0,0.0
2023,payment_type,0,0.0
2023,fare_amount,0,0.0
2023,extra,0,0.0
2023,mta_tax,0,0.0
2023,tip_amount,0,0.0
2023,tolls_amount,0,0.0
2023,improvement_surcharge,0,0.0
2023,total_amount,0,0.0
2023,congestion_surcharge,1309356,3.417771537030348
2023,Airport_fee,1237613,3.2305029993819407
