year,month,anomaly_type,count,percentage
2024,1,missing_values,140162,4.727817085741734
2024,1,negative_distance,0,0.0
2024,1,zero_distance,60371,2.0363796555650904
2024,1,distance_over_1000,23,0.0007758150780672355
2024,1,negative_total_amount,35504,1.1975886318130058
2024,1,zero_total_amount,416,0.014032133585911738
2024,1,duration_less_or_equal_zero,870,0.02934604860515195
2024,1,duration_over_24h,16,0.0005396974456119899
2024,1,speed_over_100_mph,1080,0.036429577578809325
2024,1,speed_invalid,59725,2.014589371198506
2024,2,missing_values,185610,6.171517719215062
2024,2,negative_distance,0,0.0
2024,2,zero_distance,68225,2.2684758170004184
2024,2,distance_over_1000,41,0.0013632467350240696
2024,2,negative_total_amount,36080,1.1996571268211813
2024,2,zero_total_amount,438,0.014563465120501036
2024,2,duration_less_or_equal_zero,803,0.026699686054251902
2024,2,duration_over_24h,12,0.00039899904439728867
2024,2,speed_over_100_mph,919,0.030556676816759026
2024,2,speed_invalid,67508,2.2446356240976804
2024,3,missing_values,426190,11.896015997195356
2024,3,negative_distance,0,0.0
2024,3,zero_distance,87168,2.433074268386224
2024,3,distance_over_1000,94,0.002623772269964953
2024,3,negative_total_amount,44311,1.2368295005789045
2024,3,zero_total_amount,438,0.012225662279198397
2024,3,duration_less_or_equal_zero,1128,0.03148526723957944
2024,3,duration_over_24h,20,0.0005582494191414794
2024,3,speed_over_100_mph,1251,0.03491850116729954
2024,3,speed_invalid,86420,2.412195740110332
2024,4,missing_values,408576,11.626135471499357
2024,4,negative_distance,0,0.0
2024,4,zero_distance,45813,1.3036207323871203
2024,4,distance_over_1000,116,0.003300809922006984
2024,4,negative_total_amount,43749,1.2448890799817545
2024,4,zero_total_amount,417,0.01186584256445614
2024,4,duration_less_or_equal_zero,1089,0.030987775905737973
2024,4,duration_over_24h,26,0.0007398367066567377
2024,4,speed_over_100_mph,1122,0.031926799418033065
2024,4,speed_invalid,44984,1.2800313235479497
2024,5,missing_values,404666,10.866921260969544
2024,5,negative_distance,0,0.0
2024,5,zero_distance,49791,1.3370900359924842
2024,5,distance_over_1000,108,0.002900237470369912
2024,5,negative_total_amount,48992,1.315633649521877
2024,5,zero_total_amount,379,0.010177685196946265
2024,5,duration_less_or_equal_zero,1147,0.030801596097354528
2024,5,duration_over_24h,15,0.0004028107597735989
2024,5,speed_over_100_mph,1121,0.03010339078041362
2024,5,speed_invalid,48828,1.311229585215019
2024,6,missing_values,410781,11.606628968807296
2024,6,negative_distance,0,0.0
2024,6,zero_distance,52954,1.4962167929242627
2024,6,distance_over_1000,118,0.003334093393606961
2024,6,negative_total_amount,48795,1.378704128313997
2024,6,zero_total_amount,316,0.008928589087964404
2024,6,duration_less_or_equal_zero,1140,0.03221073278569436
2024,6,duration_over_24h,20,0.0005651005751876204
2024,6,speed_over_100_mph,1100,0.031080531635319125
2024,6,speed_invalid,51934,1.467396663589694
2024,7,missing_values,278989,9.067201663490854
2024,7,negative_distance,0,0.0
2024,7,zero_distance,48045,1.5614726886092933
2024,7,distance_over_1000,81,0.002632517177174581
2024,7,negative_total_amount,50379,1.637328183566398
2024,7,zero_total_amount,306,0.009945064891548418
2024,7,duration_less_or_equal_zero,1068,0.034710226484227814
2024,7,duration_over_24h,25,0.0008125053015970929
2024,7,speed_over_100_mph,1049,0.03409272245501402
2024,7,speed_invalid,47093,1.5305324867244758
2024,8,missing_values,258667,8.682481069474417
2024,8,negative_distance,0,0.0
2024,8,zero_distance,57413,1.9271390847759269
2024,8,distance_over_1000,69,0.0023160712181829715
2024,8,negative_total_amount,52940,1.7769972505885003
2024,8,zero_total_amount,397,0.013325801066936808
2024,8,duration_less_or_equal_zero,1018,0.03417044203058355
2024,8,duration_over_24h,24,0.0008055899889332076
2024,8,speed_over_100_mph,998,0.03349911703980588
2024,8,speed_invalid,56496,1.8963588339487705
2024,9,missing_values,483731,13.314808851014167
2024,9,negative_distance,0,0.0
2024,9,zero_distance,81121,2.2328744876865865
2024,9,distance_over_1000,114,0.0031378766484174364
2024,9,negative_total_amount,56109,1.5444133409302978
2024,9,zero_total_amount,431,0.011863375749718554
2024,9,duration_less_or_equal_zero,1161,0.03195679639309337
2024,9,duration_over_24h,25,0.0006881308439511923
2024,9,speed_over_100_mph,1125,0.030965887977803655
2024,9,speed_invalid,80137,2.2057896576686677
2024,10,missing_values,393895,10.274348676538061
2024,10,negative_distance,0,0.0
2024,10,zero_distance,81639,2.1294699135655204
2024,10,distance_over_1000,86,0.0022432221434196256
2024,10,negative_total_amount,61426,1.6022344579266732
2024,10,zero_total_amount,432,0.011268278673921838
2024,10,duration_less_or_equal_zero,1002,0.026136146368679822
2024,10,duration_over_24h,17,0.0004434276330015538
2024,10,speed_over_100_mph,1043,0.02720558948356592
2024,10,speed_invalid,80789,2.107298531915443
2024,11,missing_values,373674,10.247838329033621
2024,11,negative_distance,0,0.0
2024,11,zero_distance,68315,1.8735075907018734
2024,11,distance_over_1000,92,0.002523057869348933
2024,11,negative_total_amount,60563,1.6609125406671679
2024,11,zero_total_amount,486,0.013328327440256322
2024,11,duration_less_or_equal_zero,1861,0.05103707277019961
2024,11,duration_over_24h,12,0.00032909450469768695
2024,11,speed_over_100_mph,953,0.02613558858140797
2024,11,speed_invalid,68696,1.883956341226025
2024,12,missing_values,326291,8.894711031136165
2024,12,negative_distance,0,0.0
2024,12,zero_distance,75450,2.0567712480553357
2024,12,distance_over_1000,82,0.0022353246168394635
2024,12,negative_total_amount,70496,1.9217249291306686
2024,12,zero_total_amount,606,0.016519594119569693
2024,12,duration_less_or_equal_zero,1223,0.03333904885847151
2024,12,duration_over_24h,18,0.0004906810134525652
2024,12,speed_over_100_mph,1223,0.03333904885847151
2024,12,speed_invalid,74959,2.043386560410602
