year,file,rows,missing_rows,negative_total_amount,zero_distance,distance_over_1000,invalid_duration,speed_over_100_mph
2023,yellow_tripdata_2023-01.parquet,3066766,71743,25204,45862,67,1121,1510
2023,yellow_tripdata_2023-02.parquet,2913955,76817,24900,41098,75,1265,1563
2023,yellow_tripdata_2023-03.parquet,3403766,87619,29763,48528,95,1453,2121
2023,yellow_tripdata_2023-04.parquet,3288250,90690,29763,40234,83,1172,1717
2023,yellow_tripdata_2023-05.parquet,3513649,101796,31777,46895,101,1170,1677
2023,yellow_tripdata_2023-06.parquet,3307234,99887,31018,47472,104,1253,1680
2023,yellow_tripdata_2023-07.parquet,2907108,85086,30795,49790,92,1395,1453
2023,yellow_tripdata_2023-08.parquet,2824209,87886,30908,57429,84,1426,1282
2023,yellow_tripdata_2023-09.parquet,2846722,140225,29253,98547,86,1066,1207
2023,yellow_tripdata_2023-10.parquet,3522285,154929,36965,121686,60,1255,1319
2023,yellow_tripdata_2023-11.parquet,3339715,132675,36730,102583,33,1918,1239
2023,yellow_tripdata_2023-12.parquet,3376567,180003,39807,73333,33,1075,1366
