year,month,variable,column,count,p50,p90,p95,p99,p99_9
2024,1,Distance (miles),trip_distance,2964624,1.68,8.42,13.69,20.0,29.50376999999862
2024,1,Montant total ($),total_amount,2964624,20.1,53.4,80.19,103.36,175.67753999999724
2024,1,Durée (minutes),duration_minutes,2963754,11.633333333333333,28.883333333333333,37.95,60.45,114.93744999999957
2024,1,Vitesse moyenne (mph),speed_mph,2904141,9.670710571923742,20.20323325635104,26.28644501278772,37.12415940549412,49.12548789712549
2024,2,Distance (miles),trip_distance,3007526,1.69,8.0,12.34,19.67,28.9
2024,2,Montant total ($),total_amount,3007526,20.16,50.83,77.37,103.13,164.95
2024,2,Durée (minutes),duration_minutes,3006723,12.0,29.45,38.75,62.45,114.75926666666443
2024,2,Vitesse moyenne (mph),speed_mph,2939258,9.483870967741936,19.169828042696707,24.700549450549453,35.687209688801914,48.213626764578464
2024,3,Distance (miles),trip_distance,3582628,1.75,8.43,13.2,19.9,29.3
2024,3,Montant total ($),total_amount,3582628,20.52,53.4,80.4,103.36,170.94
2024,3,Durée (minutes),duration_minutes,3581500,12.483333333333333,31.133333333333333,41.46666666666667,67.1,117.6750166666694
2024,3,Vitesse moyenne (mph),speed_mph,3495270,9.589041095890412,19.223300970873787,24.405727745205954,34.717581923451895,48.38717279661843
2024,4,Distance (miles),trip_distance,3514289,1.8,8.6,13.6,19.87,29.5
2024,4,Montant total ($),total_amount,3514289,20.93,54.6,80.94,104.88,173.14711999999824
2024,4,Durée (minutes),duration_minutes,3513200,12.8,31.766666666666666,42.083333333333336,67.55,117.46334999999964
2024,4,Vitesse moyenne (mph),speed_mph,3468346,9.464897538502711,19.24686192468619,24.46875,34.915331399423046,48.068459259244186
2024,5,Distance (miles),trip_distance,3723833,1.8,8.81,14.0,19.87,29.46
2024,5,Montant total ($),total_amount,3723833,21.36,57.8,82.69,104.88,179.17168000000063
2024,5,Durée (minutes),duration_minutes,3722686,13.316666666666666,34.21666666666667,46.13333333333333,75.48333333333333,124.2
2024,5,Vitesse moyenne (mph),speed_mph,3673950,9.153583617747438,18.227848101265824,23.190184049079754,33.69825662828218,46.62078968844675
2024,6,Distance (miles),trip_distance,3539193,1.8,8.73,13.75,19.9,30.19
2024,6,Montant total ($),total_amount,3539193,21.0,56.76,82.38,104.88,186.71616000000387
2024,6,Durée (minutes),duration_minutes,3538053,12.966666666666667,33.18333333333333,45.03333333333333,72.9,123.06666666666666
2024,6,Vitesse moyenne (mph),speed_mph,3486179,9.428571428571429,18.585858585858585,23.29714285714286,33.714285714285715,46.53061224489796
2024,7,Distance (miles),trip_distance,3076903,1.8,9.4,16.0,20.47,32.74
2024,7,Montant total ($),total_amount,3076903,21.0,60.25,83.44,105.23,199.55979999997655
2024,7,Durée (minutes),duration_minutes,3075835,12.8,32.78333333333333,44.016666666666666,67.66666666666667,117.93610000000335
2024,7,Vitesse moyenne (mph),speed_mph,3028800,9.671641791044777,20.231231621275057,25.358025188566195,35.48571428571429,48.478138222849076
2024,8,Distance (miles),trip_distance,2979183,1.8,9.7,16.24,20.6,33.48
2024,8,Montant total ($),total_amount,2979183,20.93,62.14,84.79,106.2,203.75
2024,8,Durée (minutes),duration_minutes,2978165,12.75,33.2,45.18333333333333,69.43333333333334,122.66120000000423
2024,8,Vitesse moyenne (mph),speed_mph,2921720,9.737704918032788,20.378048780487806,25.33035697485999,35.48638132295719,48.15342592167924
2024,9,Distance (miles),trip_distance,3633030,1.8,9.08,15.17,20.26,30.6
2024,9,Montant total ($),total_amount,3633030,21.48,59.5,84.59,105.46,187.84970999999902
2024,9,Durée (minutes),duration_minutes,3631869,13.883333333333333,35.78333333333333,48.11666666666667,76.85,124.3022000000036
2024,9,Vitesse moyenne (mph),speed_mph,3551821,9.013824884792626,18.362068965517242,23.542234332425068,34.418856065367635,47.059330622458866
2024,10,Distance (miles),trip_distance,3833771,1.77,9.0,15.16,20.19,29.78
2024,10,Montant total ($),total_amount,3833771,21.48,59.16,83.7,105.22,182.9522999999998
2024,10,Durée (minutes),duration_minutes,3832769,13.866666666666667,34.65,45.88333333333333,71.61666666666666,116.01666666666667
2024,10,Vitesse moyenne (mph),speed_mph,3752056,8.846153846153845,18.58343337334934,23.78794572420322,34.70846485831626,46.8235294117647
2024,11,Distance (miles),trip_distance,3646369,1.72,8.5,13.495999999996275,19.9,29.34
2024,11,Montant total ($),total_amount,3646369,21.0,54.24,81.69,104.88,176.0
2024,11,Durée (minutes),duration_minutes,3644508,13.4,33.43333333333333,44.416666666666664,72.3,121.4830999999928
2024,11,Vitesse moyenne (mph),speed_mph,3576933,8.853622474125185,18.367346938775512,23.75,34.58911038974689,47.07692307692308
2024,12,Distance (miles),trip_distance,3668371,1.68,8.6,13.73,19.91,29.94629999999888
2024,12,Montant total ($),total_amount,3668371,21.66,57.09,82.69,106.31,181.0
2024,12,Durée (minutes),duration_minutes,3667148,13.8,36.13333333333333,47.71666666666667,77.91666666666667,124.51666666666667
2024,12,Vitesse moyenne (mph),speed_mph,3592555,8.669314796425024,17.811474440631695,23.225806451612904,34.16346575640931,47.0148487957181
